{"cameraMode":{"drawMode":0,"name":"Shaded","section":"Shading Mode"},"sceneLighting":false,"audioPlay":false,"sceneViewState":{"m_AlwaysRefresh":true,"showFog":true,"showSkybox":true,"showFlares":true,"showImageEffects":true,"showParticleSystems":true,"showVisualEffectGraphs":true,"m_FxEnabled":true},"in2DMode":false,"pivot":{"x":0.28185153007507326,"y":-1.0114753246307374,"z":0.21123456954956056},"rotation":{"x":-0.13283352553844453,"y":0.829894483089447,"z":-0.2232682704925537,"w":-0.4937467575073242},"size":4.623175144195557,"orthographic":false}